{
  "modal_quantile": 0.2362068965517241,
  "q_grid": [
    0.05,
    0.06551724137931035,
    0.08103448275862069,
    0.09655172413793103,
    0.11206896551724138,
    0.12758620689655173,
    0.14310344827586208,
    0.1586206896551724,
    0.17413793103448277,
    0.1896551724137931,
    0.20517241379310347,
    0.2206896551724138,
    0.2362068965517241,
    0.2517241379310345,
    0.2672413793103448,
    0.2827586206896552,
    0.2982758620689655,
    0.3137931034482758,
    0.3293103448275862,
    0.3448275862068965,
    0.3603448275862069,
    0.3758620689655172,
    0.3913793103448276,
    0.4068965517241379,
    0.42241379310344823,
    0.4379310344827586,
    0.45344827586206893,
    0.4689655172413793,
    0.4844827586206896,
    0.5
  ],
  "modes": [
    0.19784364256946194,
    0.17910691848287993,
    0.17022542269108806,
    0.1574635507484595,
    0.1394392827028696,
    0.12070418251362425,
    0.10353787406493871,
    0.08804166409728928,
    0.07016862531742697,
    0.055936048095260205,
    0.0356062310044834,
    0.01963754585889075,
    -0.00038135301269835985,
    -0.010480639572118297,
    -0.019404616542115477,
    -0.028036264537317942,
    -0.038151447772119006,
    -0.04949443975681123,
    -0.06424952357949434,
    -0.08840665407732855,
    -0.11291470615887968,
    -0.14223885500302594,
    -0.15857456383359161,
    -0.18015855788643212,
    -0.19731212142697904,
    -0.21464934479621314,
    -0.23481891640542565,
    -0.26041061276182004,
    -0.29283882741216877,
    -0.3260973058537055
  ],
  "qr_results": {
    "0.001": {
      "a": 7.148032415901847e-19,
      "b": 6.03096207153331
    },
    "0.01": {
      "a": 1.0947262646331436e-18,
      "b": 5.985482247607035
    },
    "0.1": {
      "a": 3.5561731387149776e-18,
      "b": 5.870046262231654
    },
    "0.15": {
      "a": 3.3870187245295093e-18,
      "b": 5.882675302285634
    },
    "0.2": {
      "a": 3.6775318894847376e-18,
      "b": 5.879099828861655
    },
    "0.2362068965517241": {
      "a": 3.700036732661571e-18,
      "b": 5.883753943920922
    },
    "0.25": {
      "a": 3.981738759718244e-18,
      "b": 5.876121269618011
    },
    "0.30000000000000004": {
      "a": 4.825251883269274e-18,
      "b": 5.85675458148026
    },
    "0.3500000000000001": {
      "a": 5.538829588759834e-18,
      "b": 5.847430579939402
    },
    "0.40000000000000013": {
      "a": 5.376553595762744e-18,
      "b": 5.859578984812728
    },
    "0.45000000000000007": {
      "a": 6.8721512062788456e-18,
      "b": 5.837363840607715
    },
    "0.5000000000000001": {
      "a": 7.974239138328927e-18,
      "b": 5.8311843945153825
    },
    "0.5500000000000002": {
      "a": 1.0455046734118543e-17,
      "b": 5.815777937386741
    },
    "0.6000000000000002": {
      "a": 1.9483175554207665e-17,
      "b": 5.761006892848904
    },
    "0.6500000000000002": {
      "a": 4.412475358674925e-17,
      "b": 5.676657418990374
    },
    "0.7000000000000002": {
      "a": 8.747806015887137e-17,
      "b": 5.607409860137778
    },
    "0.7500000000000002": {
      "a": 2.075945182464725e-16,
      "b": 5.514926191629343
    },
    "0.8000000000000003": {
      "a": 7.949683572673628e-16,
      "b": 5.36745488640527
    },
    "0.8500000000000002": {
      "a": 2.5702322706409652e-15,
      "b": 5.24519578066878
    },
    "0.9000000000000002": {
      "a": 6.054184545294e-15,
      "b": 5.157828577655607
    },
    "0.95": {
      "a": 2.683442247001405e-14,
      "b": 5.006293440025672
    },
    "0.9500000000000003": {
      "a": 2.6834422540131812e-14,
      "b": 5.006293439673755
    },
    "0.99": {
      "a": 3.6260289810310047e-13,
      "b": 4.722111018141277
    },
    "0.999": {
      "a": 5.635101424938338e-13,
      "b": 4.701121502383444
    }
  },
  "skewnorm_train": [
    9.150871171251431,
    -0.2968455526100202,
    1.1718638015086178
  ],
  "mode_train": -0.00038135301269835985
}