{
  "modal_quantile": 0.2362068965517241,
  "q_grid": [
    0.05,
    0.06551724137931035,
    0.08103448275862069,
    0.09655172413793103,
    0.11206896551724138,
    0.12758620689655173,
    0.14310344827586208,
    0.1586206896551724,
    0.17413793103448277,
    0.1896551724137931,
    0.20517241379310347,
    0.2206896551724138,
    0.2362068965517241,
    0.2517241379310345,
    0.2672413793103448,
    0.2827586206896552,
    0.2982758620689655,
    0.3137931034482758,
    0.3293103448275862,
    0.3448275862068965,
    0.3603448275862069,
    0.3758620689655172,
    0.3913793103448276,
    0.4068965517241379,
    0.42241379310344823,
    0.4379310344827586,
    0.45344827586206893,
    0.4689655172413793,
    0.4844827586206896,
    0.5
  ],
  "modes": [
    0.19784364256946194,
    0.17910691848287993,
    0.17022542269108806,
    0.1574635507484595,
    0.1394392827028696,
    0.12070418251362425,
    0.10353787406493871,
    0.08804166409728928,
    0.07016862531742697,
    0.055936048095260205,
    0.0356062310044834,
    0.01963754585889075,
    -0.00038135301269835985,
    -0.010480639572118297,
    -0.019404616542115477,
    -0.028036264537317942,
    -0.038151447772119006,
    -0.04949443975681123,
    -0.06424952357949434,
    -0.08840665407732855,
    -0.11291470615887968,
    -0.14223885500302594,
    -0.15857456383359161,
    -0.18015855788643212,
    -0.19731212142697904,
    -0.21464934479621314,
    -0.23481891640542565,
    -0.26041061276182004,
    -0.29283882741216877,
    -0.3260973058537055
  ],
  "qr_results": {
    "0.01": {
      "a": 1.0947262646331436e-18,
      "b": 5.985482247607035
    },
    "0.1": {
      "a": 3.5561731387149776e-18,
      "b": 5.870046262231654
    },
    "0.2362068965517241": {
      "a": 3.700036732661571e-18,
      "b": 5.883753943920922
    },
    "0.25": {
      "a": 3.981738759718244e-18,
      "b": 5.876121269618011
    },
    "0.5": {
      "a": 7.974239259059499e-18,
      "b": 5.831184392234228
    },
    "0.75": {
      "a": 2.0759451814536682e-16,
      "b": 5.5149261916951104
    },
    "0.9": {
      "a": 6.054184544821839e-15,
      "b": 5.157828577667104
    },
    "0.99": {
      "a": 3.6260289810310047e-13,
      "b": 4.722111018141277
    }
  },
  "skewnorm_train": [
    9.150871171251431,
    -0.2968455526100202,
    1.1718638015086178
  ],
  "mode_train": -0.00038135301269835985
}